Grade,Grade Number,Grade Group,ระดับชั้น
PK3,0,-,ก่อนอนุบาล
PK2,1,-,อนุบาล 1
PK1,2,-,อนุบาล 2
K,3,-,อนุบาล 3
1,4,-,ประถม 1
2,5,-,ประถม 2
3,6,-,ประถม 3
4,7,-,ประถม 4
5,8,-,ประถม 5
6,9,-,ประถม 6
7,10,+,มัธยม 1
8,11,+,มัธยม 2
9,12,+,มัธยม 3
10,13,+,มัธยม 4
11,14,+,มัธยม 5
12,15,+,มัธยม 6
U,16,+,มหาวิทยาลัย / ผู้ใหญ่